text,label
den eixa ellinika sto kinito mou gia xronia kai akoma kai twra pou exw stelnw minymata se greeklish apo syni8eia.,greeklish
8ymamai na einai 2003 kai na vlepw greeklish na xrisimopoiountai akomi kai sta forums.,greeklish
eixan ki afta tin plaka tous.,greeklish
"episis, 8ym4741 k4n315 70 13375p34k?",greeklish
:D,greeklish
ir8a gia na dw ta sxolia sta greeklish,greeklish
"gia na katastrepsw tin ellhnikh koultoura kai glwssa, na diaftheirw th neolaia kai na tous kanw olous na strepsoun tin plati tous makria apo tis patroparadotes paradoseis kai politismo

i epeidi me volevei kai epeidi variemai na allaksw se ellhnika

dialekse oti ap ta 2 thes",greeklish
Giati to turning point kata twn greeklish htan ena spot tou kanakh sthn thleorash.,greeklish
Den mou aresei oute o kanakhs oute h thleorash.,greeklish
Sinithos to Kano Gia nostalgikous logous me sigkekrimena atoma.,greeklish
Einai ena prama opos otan milao pontiaka me kana pontio.,greeklish
"egw prosopika eimai eksotraika kai to pc mou dn pernei elleniko keyboard so, episeis eimai apo pc tis douleias!",greeklish
Giati oxi?,greeklish
Epeidh kapote sou eipe o kanakis na mhn to kaneis?,greeklish
Variemai na allaxw th glwssa apo agglika se ellhnika epeidh xrhsimopoiw lexeis kai apo tis duo glwsses sunexeia kai mporw na sunnenoh8w just fine,greeklish
"To ikseres pos o kosmos egrafe ""greeklish"" aiones prin esy gennitheis?",greeklish
Oxi?,greeklish
Tora omos to ksereeis.,greeklish
Gia istorikous logous loipon.,greeklish
Giati h orthografia mou einai xalia Kai me ta greeklish mporo na to kripso,greeklish
Giati na min grafoume greeklish OP ?,greeklish
Idietaira kaneis ?,greeklish
To Elliniko Alfavito exei 24 xaraktires enw to latiniko 26 auto shmenh oti kathe xaraktiras mporei na antixithi me enan apo tous 26 latinikou kai perisevoun 3 to Q to J kai to C an kapoios kseri oti orthografia sta ellinika mporei na grafei swsta kai greeklish,greeklish
Giati einai to proto step gia na gamiseis fasaia,greeklish
De xreiazesai mpriki gia kaneis elliniko kafe pleon exei k allous pio sinxronous eukoloterous tropous.,greeklish
Giati na prepei na grapsw me tonous kai ena karavi orthografias ?,greeklish
ti kerdizw pera apo tin astinomeusi tou grammar police kai tous thewritikous pou theloun na sinexisoun na kanoun idietaira arxaia kai nea ellinika ?,greeklish
Honest question.,greeklish
milao kai grafo pio sixna se agglika opote exo sinithisi pio poli ta grammata.,greeklish
Gia na grapso ellinika ksodevo ton diplasio xrono + vazo kai autocorrect gia tonous,greeklish
Giati na min grafoume greeklish gia peite mas,greeklish
1.,greeklish
"Den kserw orthografia
2.",greeklish
Varieme na girizw piso gia na diorthoso tin orthografia,greeklish
Giati otan ksekinisa me ypologistes imoun agglia kai den xreiastike pote na grapso sta Ellinika.,greeklish
Tora zo Ameriki opote den exo pliktrologisei sta ellinika pote sti zoi mou kai einai poly pio dyskolo tora pia.,greeklish
Giati grafoume agglika kurios olh mera kai den tha allazoume sunexeia plhktrologio.,greeklish
Tha kanw ligo gatekeeping twra.,greeklish
Alla eixame to internet polu prin o mesos kosmos na parei xampari ti paizei.,greeklish
Milagame etsi apo kairous MSN kai oi pio megaloi akoma pio prin.,greeklish
If anything opoios DEN grafei me greeklish einai periergos gia emena.,greeklish
"Re malaka den kserw orthografia me to keyboard, enw ama ta grafw me to stilo panw sto xarti vgenoun mia xara.",greeklish
Ase mas kai esu twra...,greeklish
akribos auto!,greeklish
"mlk genithikame to 80, den eixe kan ellinikous xaraktires otan mpename me modem sto internet, kai erxete to kathe mouliko na mas tin pei pou grafoume greeklish.",greeklish
XORIS EMAS DEN THA IPIRXE TO GREEKLISH MOULIKA,greeklish
Kai pou de to diavazeis esu den allazei kati.,greeklish
Greeklish ftw,greeklish
100% epeidi eisai sporos tou satana kai theleis na katastrepseis thn ellinikh neolaia.,greeklish
An kaneis den xrisimopoiouse greekish twra tha zousame thn deyterh ellinikh anagennisi.,greeklish
O megaleksandors that kataktouse thon kosmo kai oi trappers den that plakonontousan se dimosious xorous.,greeklish
"En etei 2022 pou exei orthografo akoma kai to psugeio, to na nomizeis oti i orthografia einai to thema deixnei posi antilipsi exeis.",greeklish
"re'su mperdeuomai para polu giati ta grammata dn einai sthn idia thesi opws sthn ellada, px eimai germania kai germania to exw ano kato wasd dn einai kan wasd, opote grafw ta panta me agglika grammata/keyboard pou einai polu pio eukolo",greeklish
thelei run as administrator kai emeis mpenoume apo user logariasmo administrator exei kodiko dn kserw twra tosa polla apo pcs,greeklish
Oxi alla autos arxise olo auto to kinhma mhn kolas sto onoma...den uparxei kanenas sovaros logos na mhn grafei kapoios greeklish apo th stigmh pou mporei kai sunennoeitai,greeklish
Grafw greeklish apo to 2000 sto internet.Htan kai einai eukolotero na katalavei kaneis ti grafw otan prospathw na xrisimopoiisw stoixeiwdi orthografia sto keimeno.Thema sinithias I guess.,greeklish
"&#x200B;

edit : tha protimousa na upirxe enas kwdikas gia to pws tha prepei na grafoume sta ellinika me agglikous xaraktires :)",greeklish
prwton pou dn exw pc kai deuteron pou eimai st pc tis douleias opos sto eipa dn mporw na valw greek alphabet tha mou prizoun ta arxidia meta!,greeklish
"egw st pc douleuw st grafeio, twra eimai douleia dn exw ti na kanw.. xazeuw apo dw kai apo kei!",greeklish
episeis prospathisa na katevasw games kai dn me afinei na kanw instal giati thelei administrator so...,greeklish
"katalavainw kai einai kalo auto pou kaneis alla emena dn me endiaferei, na katsei na dei to boss mou ti?",greeklish
reddit post pou sxoliasw gt dn exw greek keyboard st pc tis douleias mou?,greeklish
e wraia... hahaha oti kai an dei den me enoiazei!,greeklish
dn tha allaksei tipota :D,greeklish
to internet den einai neuland gia tous ellinares,greeklish
"Erxomaste kai spiti sou , ola legit",greeklish
Hihi.,greeklish
Kai ‚Äògw.,greeklish
Greeklish einai anwtero lol,greeklish
ti exoun ta greeklish?,greeklish
Denn exei suspense ... to vlepeis kai 3ereis ti sou erxete,greeklish
Mia xara euanagnwsta einai ta greeklish :),greeklish
I open the freezer to get warmer bruh !,greeklish
Vasika kai greeklish pou grafw einai epidi cba na perasw ellhnikh sto pc.,greeklish
monaksia niwthei kapoios akoma kai an einai o poio dimofilis anthrwpos ston kosmo.,greeklish
to thema einai  na exeis anthrwpo na se katalavainei se vathos.,greeklish
"sigoura oso megalwneis einai wraio na moirazese tin zwi sou me kapoion pou se ktlv , apo tin alli uparxoun anthrwpoi pou aisthanontai gematoi apo kenes peristasiakes sxeseis xwris ousia(filikes k mi).",greeklish
To na eisai teleiws monos dn kserw an einai kalo akoma kai na to exeis epileksei omos.,greeklish
synitheia plus maresei na trigarw atoma gia ta greeklish.,greeklish
fenete polu eukolo kai einai polu asteio to poso eukola oi karens nevriazoun me kapoion pou tha grapsei greeklish kai arxizoun ena paralirima tou styl pigaine sxoleio amorfwte ktlp tha xathei i ellada logw esena ktlp.,greeklish
Alla einai oi idioi pou meta tha psifisoun mitsotaki kai  tha petaksoun to tsigaro tous katw tin paralia :P,greeklish
pata sto parakatw link gia na paralavis to dema sou brokoloko,greeklish
"tulahiston itan professional ke to egrapse me Greeklish, ta ellinika grammata ine gia tis mazes",greeklish
E bro na sou pw den mporoume na soy dosoume to dema sou pata ligo to link aight ta leme,greeklish
"ade re mlk 8elw kai egw na parw to paketo mou kamia wra, me ton vlk ths elta courier",greeklish
"Xamhlwse ta standard sou gia to poious perimeneis na vreis edw mesa, stay classy kai calm, stick to r/all, mhn to afhseis na sou roufh3ei th zwh.",greeklish
"Epitides to kano na se neuriaso 
Krima gt ebala kai greeklish kai syntomografies thkiaole",greeklish
na pas na mamitheis kai su kai oi mamies sou !,greeklish
Nomizw pos thn exoun dei harry potter les kai prepei na lene sugkekrimena logia gia na piasoun oi teletes,greeklish
"Gia pe re esy pou pairneis apo grammata, ti lene oi papades?",greeklish
Sorry re file katse na to grapso me tropo na to katalabis kai esi.,greeklish
"H apantisi sthn eretisi sou einai sto proto sxolio 
Capito mpoufe ?",greeklish
üòÇ,greeklish
"Ke gia na tiriso ti internetiakies teletourgies....

#wooosh



Edit.",greeklish
Sosta to ekana?,greeklish
ime kenourgies se afto...,greeklish
Ne ke???,greeklish
Ine plousios pou kolai afto?,greeklish
"Ke ego ftoxos... To idio ke esi na fantasto... Ektos an mou grafi apo to idiotiko sou jet..


To ksero kapii ine plosii kapii oxi...

Ke o rex ine batsoskilo...

Tha poume ke ala sxeta trivia???",greeklish
?,greeklish
Ke ego!!!,greeklish
eksigise mou to sxolia sou prgatika!!!,greeklish
Ine kapio pexnidi pou grafoume lista me plousious???,greeklish
Eprepe na apantiso ke o bezos  ine plousious???,greeklish
Opos sou ipa endiaforome na gia tin panoukla ke oxi gia prismena arxidia....,greeklish
?,greeklish
??,greeklish
Pote akrivos katigorisa atoma???,greeklish
Esi ipes gia ton malaka tis Tesla???,greeklish
Exis peresthisis???,greeklish
Fantazese pragmata??,greeklish
Ti vlepis giro sou??,greeklish
Akousi ton Zuckerberg na sou psithirizi sto afti??,greeklish
?,greeklish
Apo tin platia exarxiwn exis stasi ilektrikou sta 10 lepta stin Omonia + stasi metro sta 13 lepta sto Panepistimio.,greeklish
Oso perisoteres stasis vevea toso to kalitero ala stin prokimeni i skopimotita mia stasis metro stin platia exei na kanei me tin alagi tis koultouras ton exarxhion se kati alo apo aftou pou einai twra.,greeklish
"Oses stasis kai na ftiaxoun, an to orario ine afto pou einai kai  twra pali me to amaxi tha vgenei o kosmos.",greeklish
Klama,greeklish
ti thewreis anavathmish akrivws?,greeklish
"akrivotera noikia, mikel kai coffee island se kathe gwnia?",greeklish
edit: de kanw edit sinithws alla osoi kanete downvote peite mou kai mena na mathw ti akrivws anavathmish paizei trigyrw,greeklish
hahahahaha wtf ti sugkrish einai ayth,greeklish
">grigoris sthn plateia 

exei nai, hdh provlhmatiko

>akriva noikia pantou

ayto de shmainei oti de tha akrivinoun akoma pio poly me to metro

>pezodromio parkour

den eisai xazos, katalavaineis oti anetos den ennow oti exei wraious dromous kai den vrwmizoun ta papoutsia mou

>diafylaksh xarakthra=attraction

oxi, ta eksarxeia exoun istoria 

den milame gia to 16xrono pou tha paei hasan epeidh omg eksarxeia eimai toso cool",greeklish
"exw taraxtei ligo apo ta downvotes kai de mporw na skeftw kathara, egw eipa ti anavathmish pistevw oti fernei, ekshghse mou kai mena pws katalavaineis thn anavathmish twn eksarxeiwn me metro",greeklish
">ayto de shmainei oti de tha akrivinoun akoma pio poly me to metro

dld me metro stin tositsa den tha anevoun kai me metro stin plateia tha anevoun?",greeklish
h apla einai >150 kila epeidh kathetai olh mera edw na uperaspizetai tous mpatsous sta antistoixa post kai duskoleyetai,greeklish
giati thes metro sta eksarxeia esy?,greeklish
"kai apla plhroforiaka, pote pathses teleytaia fora eksarxeia sth zwh sou?",greeklish
"kyriolektika kaneis reprogrammatismo ton eauto sou, einai toulaxiston aksiothrinito",greeklish
oxi gata einai tha zhsei kai 10 meres an exoyn nero,greeklish
"sygkrineis ta greeklish pou einai kyriolektika mia se polla eisagwgika dialektos gia euxristia kai na kaneis thn zwh sou pio eukolh sto internet mias kai ta perissotera einai sta agglika, me thn kathareuousa pou stamatise na omilite polla xronia prin.",greeklish
"kai for your information grafw greeklish mono kai mono gia na sthn spasw kai apo oti fenete epiase mias kai thewreite tous eautous sas ""anoterous"" kanontas question an exw teleiwsei sxoleio.",greeklish
eiste gia lipisi,greeklish
....,greeklish
I mama sou ine kompleksikia ke toxiki...,greeklish
"Mine makria...


Genika stin athina o kosmos sto Metro kitai...",greeklish
"I emfanisi den pezi rolo...


Opos periegrapse ton eafto sou den ixe kati na traviksis ti prosoxi...

Os athines ipotheto oti ine pio pithano na kitagan ti mitera sou perierga ke kolaga se Esena antalaklastika gia na min pareksigithoune afou de ixes kati periergo gia athina.",greeklish
Atoma apo eparxia tetion apopseon ksexorizoun San ti miga me sto gala edo Esto ke an den to antilamvanonte.,greeklish
"Ad hominem...

Mou aresi otan ta ougana dixoun ti klasi Tous!!!",greeklish
Ke kapakia ableist prosvoli!!!,greeklish
Pio nothis pou ise idos ipo eksafanisi???,greeklish
Ponai e??,greeklish
?,greeklish
"An pistevis oti aksizi ton kopo mou gia sovari apantisi ise entelos delusional.....

Iperaspistes tetion simperifora den aksizoun tipota ektos ton hlevasmo mou....",greeklish
Auto poy kateytheian to gyrizete sto only fans pote dn to ktlv kai egw dn eixa katholou lefta k voitheia alla dn arxisa na @@ papoudes.,greeklish
"EIdika an eisai kopela einai oti pio eukolo na vreis serviotra, eidika an eksogiseis tin katatasi p vriskese kiolas kai poso anagkia exeis",greeklish
Leoforos alaksandras konta sto metro ampelokipi.,greeklish
Kanoune sinelefsi arketa sixna.,greeklish
"Stekare sto kinimatorama


Leptomeries oute ksero oute tha mporousa na Po apo edo profanos...


Iparxoun ke diafores  feminstikes omades pou mporis na apefthinthis gia voithia.",greeklish
"Gia sinvoules stiriksi 

Ke ikonomiki voithia isos mexri ke gia stegasi.",greeklish
"An den exis akrea omofovikes ksenofovies ktl apopsis den tha exis Kane thema...

Ke akoma ke etsi na ine teties omades tha stiriksoun oso mporoune.",greeklish
Pou einai auto ?,greeklish
?,greeklish
?,greeklish
"Gia tin idio logo pou otan zitas hotdog den sou fernoun loukaniko...

Ke otan zitas burger den sou fernoun bifteki..

Edit

Before any one tell my it is not the same...
Use Google...

Edit 2

Giati to deftero sta aglika....
Giati ipia ligo parapano..

Edit 3

Edo ke 20 lepta pernao iparksiaki Kris an eprepe na Valo proto I deftero sto Trito/deftero.",greeklish
"....
Exei kantantisi???",greeklish
"Apla ine mia sinxroni onomasia gia mia klasiki antropini/kinoniki simperifora...

Rota ke to sokrati...",greeklish
"I opidipote atoma aniki se perthoriopimeni (marginalize) omada..

Otoma pou to zoune kathimerina ala gia kaipio ""aneksigito"" logo den ""metrai""


Tora otan strefete se epixirisis ke atoma me isxi...

Sta @@...

Tis perisoteres fores ine marketing pou apla Tous vgeni se kalo...",greeklish
I arnitiki diafimisi ine akoma diafimisi...,greeklish
"eixa kanei kai egw antistoixo post, pleon pairnw mono apo ena sygkekrimeno poly spania ennoeite me to zori mia fora to mina mporei kai ligotero, epeidi einai wraio kai to magazi to exei kratisei 3 anti gia ola stin perioxi p to exoun paei 3,40.",greeklish
Afou o pli8orismos einai 25% toso 8a pane.,greeklish
Giati den 8eloun na xasoun cent.,greeklish
Kai afou ta dinei o kosmos giati oxi.,greeklish
Kai oxi den einai 12%,greeklish
Ntaxei kanenas den eipe oti einai epistomonas.,greeklish
Balakia varaei me mia raketa.,greeklish
I apopsi tou oso egiri oso tis kuras Marias tou peripterou.,greeklish
"poly logiko ek merous t. allwste o idios isws na exei nosisei, me apotelesma na exei eidi antiswmata ara tha itan mataio na kanei to emvolio.episis exaitias tis ilikias t kai tis fisikis t ikanotitas einai STATISTIKA sigoura oti akoma kai an kollisei dn prokeite na diaswlinwthei oute profanws na pethanei.",greeklish
episis to lifestyle t mporei na elaxistopoiei tin pithanotita na kollisei.dld an sunanastrefetai me 5 atoma kathe mina tote malon dn tha kolisei.,greeklish
"genika psekasmenoi pistevw oti einai osoi katapinoun akrita o,ti malakia akousoun apo dimosiografous kai apo tile-giatrous kai oxi  o tsitsipas p apo oti fainetai exei stoixeiwdi kritiki ikanotita",greeklish
thelo kapios na mou eksigisi me epixirimata giati ego i o tsitsipas pou imaste 24 XRIAZETE na kanoume to emvolio.,greeklish
o koronoios den apilouse pote aftes tis ilikies.,greeklish
nosisa to perasa xalara opos kai oloi oi gnostoi mou tis idias ilikias.,greeklish
"afou loipon oi gonis mou exoun emvoliastoi, oi ilikiomenoi kai efpathis omades exoun episis, giati prepi ego pou etsi kialios den kindinevo, oute apilo tous gonis mou kai tis efpathis omades klp.",greeklish
"pou exoun emvoliasti, na kano to emvolio?",greeklish
apadisis tipou psek kai tetia den mou lene tipota opios exis kapio epixirima logiko as mou to grapsi,greeklish
to 80% edo mesa einai papagalakia ton kanalion tsirakia tou sipsa kai tou xardalia.,greeklish
den boroun na xonepsoun oti oi neoi den emvoliazode giati apla den iparxi logos.,greeklish
na emvoliasti aftos pou kindinevi.,greeklish
den kindinevo ara den emvoliazome toso aplo,greeklish
"kai siga min katso na psakso kai ta comments sou kaimene me mia protasi apadouses ama thes, ton logo pou xriazete na kano to emvolio, apli erotisi itan.",greeklish
apofasises na me prosvalis omos gt ta kanalia sou exoun mathi oti opios exi kritiki skepsi gia to emvolio einai psek.,greeklish
XAXAXAXAXAXAXA brooli m exeis provlima katanoisis ektos apo tin elleipsi statistikwn gnwsewn????,greeklish
isxuristika egw se kapoio simeio sto comment m oti KATHE ENAS ANEMVOLIASTOS EINAI APITHANO NA PATHEI TO PARAMIKROO???,greeklish
OXI.,greeklish
"ANTITHETA, isxiristika oti o tsitsipas p einai 23 kai athlitis dn PROKEITAI NA PATHEI TO PARAMIKRO OTAN NOSISEI APO COVID.",greeklish
"ama diladi to ekanan osoi kindinevoun ego den tha xriazotan na to kano.den katalaveno giati tin les se mena kai ton tsitsi kai oxi se olous aftous pou kindinevoun kai den emvoliazode, efpathis omades ilikiomeous klp.",greeklish
ama to kanoun afti ego den xriazete na to kano.,greeklish
"etsi kialios o koronoios irthe gia na mini, idi kolane oi emvoliasmenoi kai to metadidoun.",greeklish
"o ios metalasete analoga, se emvoliasmenous kai min.",greeklish
"ama loipon emvoliastoune OLOI osoi kindinevoun, kai OLOI pano apo mia ilikia , to covid apo foniki arostia tha metatrapi se mia arostia paromias tis gripis",greeklish
"antikatestise ta statistika p parethese me ta statistika pou aforoun to pososto diasolinwsis kai ti thnisimotita stous neous <30 anthrwpous

edit: fuck bro eimai kathisterimenos dn mporw na ksexwrisw ta sumvola lol <>",greeklish
den iparxi kati na pis se enan igiestato 25xrono pou den theli na emvoliasti.,greeklish
"to epixirima na to kanis gia tous alous den piani giati oloi skeftomaste afou den to kani aftos pou to xriazete, den tha kano ego giafton",greeklish
Pws auto einai to xeirotero?,greeklish
Xeirotero apo ti?,greeklish
Den litpurgoun etsi oi gloses.,greeklish
"Prota kati ginete genika apodexti ke meta thespizete

I eliniki glosa exi keno se afto to simio afou denexi oudetero Genos gia teties xrisis...


An xriazete I oxi na exi ine ali sizitisi.",greeklish
"Ali mia fora dixnis ti agnia sou...

To @ den ine oudetero me afti tin enia.",greeklish
"Ine gender neutral...(enia pou den iparxi ka sta elinika)

Diladi Kane sigekrimena apo ta 3 geni pou exoume stin alada.",greeklish
Pion ethikses???,greeklish
"Den me thigi I vlakia sou min anisixis...

Oti egrapses ine lathos!!!",greeklish
Den iparxoun 2 vilologika fila an exis katanoisi pera apo tin aploustefsi pou mathenis sto dimotiko...,greeklish
"I glosa exi oti emis theloume na exi...
Emis ti ftiaksame...

Exi arnitiko varos xrisimopioutan arnitika xronia tora...

Ala ine asxete epidi to @ den anaferete se afta

Den kanis adapt sti glosa I glosa Kani adapt sti kinonia...
Panta etsi ginotan...

Mi iparxto provlima...
Ma iparxi provlima!!",greeklish
To paradexese ke o idios!!!!,greeklish
"Sti simasia tou diafonis...


Mathe prota pia ine I diafonia sou me ena thema ke meta milas ..


Epis an exis proseksi den exo Pari apopsi sto thema ke oute tha to Kano ..


Opote min mou ta prizis an ine sosto I oxi I xrisi tou @ sta @@


Aplos sou leo oti afta pou grafis ine lathos an thes na sizitisi sovara gia to thema exe ti vasi gia to ti isxi sosti prota!!",greeklish
!,greeklish
"Imaste me to zori sti mesi....


Pisteve oti malakia thes den mou pefti logos.",greeklish
Den simeni kati... Oute ego mporo.,greeklish
Mpori Ne ixe disleksia/disarithmisia.,greeklish
"Des exi na Kani me to an kseris, ine adinaton gia ton egefala na kanis ti sindesis xoris na to skeftis Energa.",greeklish
"Pou akironi oli ti diadikasi tou skopou na dis tin ora...

Den exi na Kani me to poso Kalos ise sta mathimatika ala me tin epeksergasia arithmo...",greeklish
"Den exo provlima sto diavasma it se latinika ite se elinika ite ke tixeous xaraktires na vazis ama miazoun me Tous elinikous to diavaso

Vasika diavaso arketa pio grigora apo to meso Oro 


Sto grapsimo exo thema to opio fenete kiolas....

Mou ine pio diskolo na grafo elinika logo orthografias...

Me tin ora to provlima ine oti prepi na skefto gia aples praksis akoma ke me monopsifious arithmous.",greeklish
Opote ama mou diksi ti ora se analogiki tha to kitao gia kapia ora pri katalavo to ora ine gia na Kano Tous ipologismous....,greeklish
Douleva se beach bar pou gia 1 mhna dn eixame ontws katalogous giati dn tous eixane ferei akoma kai apla me rwtagan times kserwgw poso duskolo einai na rwthseis ton servitoro poso exei to kathe pragma?,greeklish
?,greeklish
"Loipon epeidh oute hsastan Sto epal stavroupolhs, oute exete dei tipota Pera apo ""news"" Sto kinhto sas, exoume Kai Leme :

Sta epal stavroupolhs aftoi Pou epitethikan prwtoi htan MESA apo to sxoleio kai htan en merh organwmenoi apo thn ENETH Kai hkseran Oti tha ginei diadhlwsh h Oti egine Kai oi misoi apo aftous ""Tou sxoleiou"" den htan kan Tou sxoleiou, htan ekei Gia mpaxalo apla.",greeklish
"Oi apeksw den trampoukisan kanenan, tsirizan fwnazan Oti skata kanane Kai apla oi alloi Tous trexane

O sygkekrimenos typos twra to an einai swsto na krataei ropalo h oxi o kathenas exei diaforeitkh apopsh alla en gnwsh Mou Den travmatise h xtyphse kanenan



P.S.1 : egw proswpika oute me Tous men oute me Tous de eimai

P.S.2 : anti na akoute Oti malakia vgainei h aristera h h deksia h opoios skata leei, an den hsastan ekei mhn pistevete tipota Gia kanena symvan, egw apo ekeines tis geitonies Kai sxoleio eimai opote arakste ligo me ta peri propagandas.",greeklish
"Edit : mh Mou peite Gia sources, ta Mona ""sources"" Pou tha prepei na pistevoume pleon einai opoios einai neutral Kai parwn",greeklish
Se kathe post Pou anaferetai to paidi Sto post sxoliazoyn Gia ta tote sthn stavroupolh (opws Kai se afto an diavaseis sxolia) ki epeidh kourase eipa na pw dyo pragmata,greeklish
"Vale akoustika akou ligi mousiki kai perpata to kalo stio sigekrimeno activity einai oti kaneis mia alpha gimnastiki to mialo stamata na skeutete kai paei auto pilot meta apo ligo 
Tha sinistousa ama eisai se poli na pigeneis akrivos apo tin antitheti pleura pou pas otan xipnas gia doulia sxolio na mpeneis se sokakia kai gitonies pou den exeis paei 
Learn to apriciate the new + helps with time management its just like 60 mins 20 songs times away do it before sleep",greeklish
Den kserw einai kai poly bullshit auta ta pragmata,greeklish
Makari h zwh mou kapoia mera na einai toso teleia wste to mono pou na me xalaei na einai giati random atoma sto internet den milane ellinika,greeklish
3erw gw ?,greeklish
Eleu8eria ekfrashs ?,greeklish
Monternismos ?,greeklish
Isos kati p fenete poio international einai poio 8eltiko se sigkrish me ton pono p prosferei h xora mas adiakopa tosa xronia stous neous ?,greeklish
Idea den exw .,greeklish
Den 3erw kan ti glwssa grafw.,greeklish
kai tora galikoures... Ti parakmi !,greeklish
ti Parakmi!,greeklish
"Unpopular opinion:

Ta Greeklish einai 100% ok otan grafeis me swsth orthografia.",greeklish
Kai nai.,greeklish
Yparxei vasiki orthografia sta greeklish.,greeklish
An 3anagyrisoun ta Greeklish 8a prepei na einai upoxrewtiko na xrhsimopoieitai 3 anti gia ksi kai 8 gia thita,greeklish
True that.,greeklish
Apla h diafora sto amaksi fainetai upervoliki an mexri kai o max trwei tetoio gap.,greeklish
Pantws to pws phge o max apo to na spaei rekor se seri nikes sto na min mporei na stavrwsei niki se ena xrono einai akraio,greeklish
"Evgala  prosfata telios to gboard (arketa stixia dino idi sti google) gia antistixo  open source pliktrologio

 ke den exo kitaksi akoma kati antistixo gia outocorrect",greeklish
"exeis dikaio, yparxoun megalh dromoi se alles europaikes xwres, alla genika einai enas o dromos me tis 6 lorides, to megalhtero meros tis polhs exei mikroterous dromous  


sthn ellada mporei na mhn exoume 6 lorides, alla sigoura exoume perisoterous dromous me 3 lorides (ton opoion ton enan enai gia parking panta)",greeklish
"exeis megalo dikaio edw, kai den einai les kai ta toubla mas einai xena, pola romaika eripia opos sthn nikopolh einai ftiagmena apo toubla  


gia kapoio logo emeis dialexame na fthsoume oti omorfia eixe mia polh san thn Athina stis dekaeties tou '20 me ta neoklassika ths kai ta antikatasthsame me ghmno tsimento  


einai na trabaw ta mallia mou",greeklish
"kala mhn mou ta thimhzeis kai auta more  


menw ligo sto exoteriko kai gyrnaw kai den xeblepete h asxhmia  


aporw pragmatika giath xanarxontai oi touristes merikes fores",greeklish
exw ypsila standards gia thn ellada mou üòÇ,greeklish
"sthn ellada to home ownership rate einai sta 75% pano kato  


([https://tradingeconomics.com/greece/home-ownership-rate](https://tradingeconomics.com/greece/home-ownership-rate) )  


sigoura den tha se peiraze na klhronomhseis ena spith pou kostizei 500 000 anti gia 70 000 ;)  


alla exeis dikaio, einai ena apo ta kala, kai malon auto to pososto to exoume epeidh oi times einai ftines (kai ta spitia moiazoun skata)  
den to polhskeftika me auto to metopo :/",greeklish
"koita, erxome egw apo mia optikh opou ta amaxia, otan den odhgas ena, sou kanoun thn zoh kolash.",greeklish
"Otan emena athina kykloforousa me podhlato panta, den tha syzhthso tora gia thn katastash ton podhlatikon ypodomon sthn athina, proteuousa, (epeidh den yparxoun).",greeklish
Alla fantasou tora egw na riskaro thn zoh mou epeidh xreiazomai na pao apo axarnon mexri papanikolh epeidh ta leoforia einai skata kai ta amaxia einai dolofonoi.,greeklish
"Apo pano, yparxei ena phenomeno pou legetai ""induced demand"" opou otan xthzeis poles lorides, tha yparxoun perisotera amaxia ston dromo.",greeklish
"Gia mena h dio lorides me ths alles gia parking proton den einai physiologiko, einai polh.",greeklish
"Deuteron tha hthela toulaxiston thn mia lorida na einai monaxa gia ta leoforia/podhlata kai thn allhn gia ta amaxia, auto gia mena tha htan mia arxh (kai fisika ta amaxia siga siga na ta parkaroun exw apo thn polh, kai na yparxoun merika shmeia opou mono oi katikoi na mporoun na parkaroun).",greeklish
"Ta aytokinita einai o,ti xeirotero gia mia poli.",greeklish
r/fuckcars unite.,greeklish
"den symfonw, otan h benzinh kostizei 2 euro (kai anw) to litro den sou eukolinh katholou thn zoh na exartase apo amaxi.",greeklish
"xoris na anaferoume to kostos asfaleias, tou kteo, ton telo kykloforias, ktlp...mia sosth xwra einai ftiagmenh oste na mhn xreiazese ena amaxi, kai oti ypodomh einai gia amaxia na einai analafrimenh gia autous pou ontos to xreiazontai.",greeklish
"H podhlates sigoura, mporei na einai epikindinoi, alla den shgnkrinontai me amaxi, to amaxi exei maza 1-2 tonous kai ftanei se mia elinikh polh taxithtes 50xm/ora (pano kato).",greeklish
Ena podhlato se kamia periptosh mporei na paradidei osin energeia oso ena amaxi.Epishs o ellinas odhgos standard den tha stamathsh se diabash pezou h  dinei protereotita opos upagoreuh o KOK.,greeklish
"Ti sou eftaixe o podhlaths, spanios opos einai sthn Ellada den mporo na katalabw...

Kai nai, oi perisoteres lorides ontos fernoun ta perisotera amaxia.",greeklish
"An theleis na mikrhneis thn khnhsh, dine alternativa ths prokophs, oxi perisoteres lorides.an sou fenetai periergo auto pou sou lew gia ""induced demand"", sou protinw na arxiseis me auto to aplo arthro wikipedia

[https://en.wikipedia.org/wiki/Braess%27s\_paradox](https://en.wikipedia.org/wiki/Braess%27s_paradox)

100 xiliades autokinita opos kai na exei einai axanes, sthn teleia katastash oi anthropoi ta xefortonontai epidh den xreiazontai pia amaxia.",greeklish
Outos i allos me oles tis prasines arxes ta perisotera ellinika amaxia tha exoun olo kai megaliteres diskolies me ton nomo...,greeklish
"A klassika, grafw me greeklish opote den exei aksia o logos mou, downvotes kai metafrasoula for the sake of irony.",greeklish
Poia eimai egw na dwsw orismo sthn texnh?,greeklish
Emena mou aresei kai auto arkei.,greeklish
"Kante downvotes kai arxiste na klaigeste gia ta lefta sas, emena alloi mou ta trwne kai oxi oi graffitades pantws",greeklish
"Dhladh twra oloi edw mesa mporeite na uperaspisteite thn antikeimenikothta ths texnhs, na thn orisete kai h aisthitikh h dikh mou gia kapoio logo den einai dekth kai thn afhnoume na kruftei mesa sta threads gt den sumvadizei me ta dika sas kalaisthita protupa.",greeklish
Vandalismo onomazane kai erga muralismou sto mexico ta opoia shmera exun apisteuta megalh pneumatikh aksia.,greeklish
"Antistoixa erga graffitadwn pou katalamvanoun me thn texnh tous dhmosious kai idiokthtous xwrous, pleon h elit apofasise na ta valei se mouseia kai na ta kostologhsei.",greeklish
"H idia elit pou onomazei to graffiti vandalismo, auth kerdizei lefta kai o kallitexnhs kunhgiete apo thn astunomia.",greeklish
To graffiti hrthe edw gia na meinei kai an texnika paroume upopshn pws einai toixografia einai texnh h opoia uparxei apo thn palaiolithiki epoxh.,greeklish
"Sunexise me shmantika eurhmata se arxaious ellhnikous kai aiguptious politismous, sth mesaiwnikh kai vuzantinh epoxh.",greeklish
Kapoia apo auta htan meros ths idias authaireths logikhs pou krinete: vandalismos idiokthsias.,greeklish
Sth Sunthrhsh Ergwn Texnhs einai ena terasteio kefalaio mathimatwn kai ergasthriwn pou afora thn sunthrhsh kai thn pneumatiki aksia twn graffiti xwris na dinete idiaiterh shmasia sta protupa aisthitikhs pou vlepw edw mesa gt u guessed it einai upokeimenika.,greeklish
Had no idea this existed.,greeklish
GIA THN ELLADA GAMO THN HOOKER MOU MESA PALIO FUCKING TSOGLANIA !,greeklish
Kai ta maxairia kai ta katsavidia kai oi gates tha eprepe na einai regulated tote.,greeklish
Great legal mind over here.,greeklish
na to synithiseis gt eime me laptop  eksoterikou kai varieme na kanw to setarisma gia tin glwsa.,greeklish
k episis an dn saresei kai dn exeis na peis tpt sxetika me to thema tote na min asxolise file m xd,greeklish
"kala to montelo dn einai na epwfelitheis apo enan mina, alla apo synexeis agores enan xrono.",greeklish
"dld an kaneis panw katw ,megales kyriws paragelies symferei.",greeklish
alla giauto p lew egw sigoura dn me symferei pleon,greeklish
olo upotheseis mou eisai agapiti mou karen.,greeklish
"dn exw faei prin ban gia na faw k dw, episis dn eimai  oute mikros oute filos sou, opote se oti kai na les apla pefteis eksw.",greeklish
"Tha m peis logiko, ti allo na perimeneis apo tis karen tou reddit pou mpainw se post gia na sxoliasoun ta greeklish xwris na prosthetoun tpt allo aksiologo sto post.",greeklish
"""bro to paketaki einai etoimo alla prp na rtheis na to pareis.",greeklish
"Fere kai  kana 50riko,kses, foroi klp""",greeklish
"Ioannis den uparxei tropos na to poun lathos, einai to vaftistiko sou kai kratas kai ta 2 n apo ta Ellhnika.",greeklish
Se ksena episima eggrafa Ioannis prepei na graftei.,greeklish
Alliws John pou einai legit sta Agglika.,greeklish
"Ego me jiannis ....

Giati ine I toulaxiston itan to PIO spanio
Ke malon to PIO lathos apo ta tria...

Ke etsi apefevga mperdemata me alous

Episis einai to efkolo gia tous ksenous an den seniazi na to proferoun sosta.",greeklish
Mou exi tixi paketo na ftani Thessaloniki na to proothoune Athina apo Athina na aneveni ksana Thessaloniki kai meta se emena stin Xalkidiki.,greeklish
Afou ixe kani ton giro Italia -> Germania -> Roumania -> Boulgaria...,greeklish
ta greeklish einai to pio simantiko kommati tis monternas ellinikis koultouras,greeklish
mbro den exis karta pleom.,greeklish
ime apo tin trapeza prepi na valis ola su ta lefta edo: wwww.peos.gr gia na min xa8un!,greeklish
"Nomizw prepei na pathseis to link, kai oti stoixeia sou zhthsoun na ta grapseis, alliws rip karta :((((",greeklish
an eixe allaksei universally tha imoun in.,greeklish
opote eite i apple kanei ta dika tis ta gnwsta eite apla den to eide kaneis k kaneis den asxoleitai arketa gia na to dei logw autocorrect klp klp,greeklish
"true, alla itan dwro kai i alitheia einai ikanopoiitika pio grigorok smooth apo alla kinita idias aksias pleon, den exw ta teleutaia montela",greeklish
ponaei to einai mou twra,greeklish
"ahhahaha, exei pio megalo thema to kinito sou, den vazei kan tonous, grigora steilto pisw 200¬£ episkeui",greeklish
"kouventa na ginetai, apla ithela na grapsw ena megalo keimeno sta ellinika k m efuge i panagia stin ptwti protasi, opote to egrapsa sta greeklish k to metetrepsa.. karkinaki",greeklish
"mpirimpip mpirimpop, afou sou exw k example gamw to mou.",greeklish
poios allos ta kanei auta?,greeklish
den exei simasia poios einai prwtos simasia exei poios nikise k m epevale na vazw ton tono prin to fwnien.,greeklish
"thumamai tote traviksa toso zori, twra afou oloi oi kataskeuastes k users kathomaste parea gurw apo ti zesti fwtia p mas megalwse i microsoft gt na paw lamia mesw italias?",greeklish
den exei kan tonous.. ennoeitai to prwto p skeftika itan auto,greeklish
ola einai apla otan eisai o katanalwtis pou stoxeuse i apple kai profanws ola mesa sto oikosustima tis.,greeklish
"an eisai ligo periergos i ligo xtupimenos i theleis kati p den skeftike prin apo sena i apple, ti gamises.",greeklish
arxizw na thelw na to poulisw twra enw edw k ena xrono apla den asxoloumoun.,greeklish
"ekane ti  douleia tou ekana ti douleia m, oloi xaroumenoi...",greeklish
"ummm... den einai efikto pleon... :)

https://preview.redd.it/8aiedpm0cpfa1.jpeg?width=2250&format=pjpg&auto=webp&s=b2eb123bd29be2cf0d31b0442aa98ab1a6563cad",greeklish
otan imoun mikros epesa sti xutra me ti malakunsi kata kurio logo.,greeklish
"ola ta autocorrect features einai disabled, apoti fainetai tha to energopoiisw... mexri na mazepsw merika ekatomuria k na tous kanw munisi",greeklish
"nai alla prepei na foras ta mplouzakia p tha s lew egw, tha xezeis stin stasi pou tha sou upodeiknuw kathe fora analoga me tis kavles mou kai otan grafeis ellinika me tonous tha prepei na pogaineis ston eiriniko na tous psareueis monos sou.",greeklish
MONOS SOU.-,greeklish
You called?,greeklish
Exeis dikio alla prepei na thimasai oti i ellines pou figane idi itan distixismenoi me tin ellada kai thelane na vglaloun ta lefta tous.,greeklish
Oi perissoteroi itan epituxis ara theloun na prostatevoun o ti lefta exoun vgalei.,greeklish
"Auto epiriazei kai tin apopsi tous se koinonika themata 

Signomi gia ta xalia mou ellinika",greeklish
pws 8a proteina thn dior8wsh an dn hksera gia ti pragma milaei re bro?,greeklish
ego pisteuo oti to na kaneis paidia einai i pio ipeu8ini kinisi sti zoi enos an8ropou.,greeklish
ennoeite pos gia na kaneis mia tetoia kinisi iparxoun arketes proipo8eseis px oikonomiki katastasi ktl.,greeklish
"osoi kanoun paidia kata la8os, gia na sosoun gamous i epeidh bariountai einai aksioi tis moiras tous",greeklish
Signomi an se prosvala.,greeklish
Den itan afti i prothesi mou.,greeklish
Ithela na toniso poso dinitika provlimatiki ine i hrisi ton greeklish.,greeklish
Ap' oso gnorizo to prosvala ke to prosevala ine apodekta.,greeklish
Pantos oli kanoume lathi.,greeklish
Kalo ine na ta angnorizoume.,greeklish
Gia sou.,greeklish
"Efxaristo pou epiveveonis to epixirima mou...

Xestika gia to feneste to ine me niazi...

Edit

An to les ironika tha sou ekana ke up vote...


Ala vaze /s alio sori den to exo meta apo 4 mpires

Edit 2

Mono 4...

Gernao mama....",greeklish
DEN KATALAVAINW TI ENNOEIS FILE AKOUGESAI ETHNOPRODOTIS,greeklish
den einai sevasti h kathe aposi giati h antiemvoliastikh apopsi skotonei kosmo,greeklish
Auto pou milate misa ellinika misa agglika h petate ksenes leksis ti fash ?,greeklish
Like otan ta grafete den cringarete h mhpws milate k etsi apo konta ?,greeklish
I mean gtfo pussio ü§∑üèª‚Äç‚ôÇÔ∏è,greeklish
Pezei na exei na kanei me ths trapezes poli perisotero apo oti pistevei o kosmos.,greeklish
"Parakalaw tous dikous mou na kanoun esto account gia PayPal kai Mia zoh ""oxi mou hpan oti einai to idio me thn trapeziki karta kai den prosferi tipota parapano"".",greeklish
"An exw na fadasto enan logo pados einai oti Boris panefkolla na xekinisis ena ""business"" mesa mme kai na dexesai mono sinalages me PayPal kai anfibalo o Pro hacker sto insta pou thelli 100‚Ç¨ gia na mou kani recover to account na prironei fpa.",greeklish
Kati pou theoro oti prepei na kanei h PayPal pados einai na dexesai na vaseis funds meso pay safe (nomizo oti px se polonika kai kypro ginetai) anigei ena terastio market pou einai anilika pou exoun ta xrimata kai theloun na ta xadepsoun px sto Nintendo switch h psstore alla den exoun credit card sry gia ta greekglish to kinito den exei elliniko alphabito,greeklish
"arxika kai esu afragkos eisai, ektos an douleueis.",greeklish
"Apo goneis ta pairneis

kata deuteron, den xrisimopoiw lefta gonewn mou pera apo ta aparraithtws basika, na sai kala omws giati me ekanes kai gelasa pou epibebaiwsa oti eipa parapanw",greeklish
"egw komple blepw thn myth ths, to an esu psaxneis thn teleia myth basismenh se koinwnika standard einai allo thema .-.",greeklish
"epishs ontws den jerw na grafw ellhnika pleon kathws gia peripoy 8 - 9 xronia genika den grafw sta ellhnika, logiko na mhn kserw na grafw -mia glwssa poy einai legit koinwniko kataskevasma kai den uparxei sunepws den uparxei ontw 'orthografia - alla auto einia allo thema to opoio me ekanes pali kai gelasa re pousth mou pou ure a load of shit kai prepe na to epishmaneis,

HUH",greeklish
?,greeklish
?????,greeklish
monos sou les pws to kanoun gia na niwthoun elkystikoi re termatismene.,greeklish
"To pws blepei kapoios ton eayto tou exei AMESH sxesh me to ti yparxei gurw tou, se parakalw dhladh sobarepsou niwthw oti trollareis",greeklish
"epishs an se eixa mprosta mou tha sou ekana dwrean mia grigorh kosmetikh surgery tsak mpam, tha eisai agnwristos <3",greeklish
DEN EINAI KATHOLOU DYSKOLO AN KATSEIS NA DIAVASEIS.,greeklish
AN DEN DIAVASEIS DEN THA PERASEIS EITE PAS FRONTISTHRIO EITE OXI.,greeklish
TO FRONTISTHRIO DEN EINAI OUTE ANAGKAIA OUTE IKANH SYNTHIKH GIA NA KATORTHWSEIS NA FTASEIS TA EN LOGW MORIA.,greeklish
"PREPEI OMWS NA KALYPSEIS OSO PIO GRHGORA MPOREIS MONOS SOU TA KENA POU EXEIS STA MATHIMATIKA, DIOTI O KATHIGITIS FRONTISTIRIOU DEN THA KATSEI NA KALYPSEI TA KENA SOU.",greeklish
"KSEKINA APO TA VASIKA, AN TA KATANOHSEIS THA SOU FAINONTAI EKSAIRETIKA EUKOLA",greeklish
To documento den kserw an itan paliofyllada panta alla twra einai auto akrivws.,greeklish
Paliofyllada.,greeklish
"Isxuei bro, ena shmantiko kommati twn albanwn deuterhs genias thn kanei gia Londino, me ellhnikes tautothtes.",greeklish
"Einai sigoura h pleionothta twn ""Ellhnwn"" katoikwn tou Londinou.",greeklish
"tiganokefalos genniesai, den ginesai pote, to aima sou tha xysoume gourouni Bretane

 /s",greeklish
"bro to kranio exei ksekathara sxhma tiganiou, toso pou an to ebazes sto mati tis kouzinas tha mporouses na ftiakseis omeleta kserw gw, to trigwniko proswpo einai alliws",greeklish
"to panw meros tou kraniou einai diogkwmeno kai kanei to kranio na moiazei me thgani, profanws to sagoni den mporei na ginei toso stroggylo oute se autous.",greeklish
Se ena trigwniko proswpo to koutelo den einai toso megalo kai diogkwmeno,greeklish
"Xoxaoxaoxaoxa pw ti mou eipe

Gia koita mia ean erxomai, comrade",greeklish
kai sena ti se koftei re flwre an grafw kefalaia k greeklish?,greeklish
Osa anaferw sto sxolio mou einai nomika apolytws egkyra,greeklish
mou einai eksairetikws dyskolo na deiksw me logia to poso sta arxidia mou einai to ean diavases h oxi to sxolio mou anthrwpako.,greeklish
isws an ksodeves ligotero xrono na prizeis poutses sto net na hkseres kai pws na grapseis swsta tin egkyrothta,greeklish
aurio dinw 4 mathimata koinotikou k dioikhtikou dikaiou kai den exw skopo na katsw na tsakwthw me enan mpaglamadako redditora.,greeklish
Tha sou apanthsw omws na min krineis eks idiwn ta allotria.,greeklish
"Fainetai pws exeis faei gamisi stin zwh s kai prepei na mazepses arketo hdh apo ta sxolika sou xronia, omws h empeiria sou den apotelei shmeio anaforas gia ton meso anthrwpo.",greeklish
"mia xara eimai me tin ""koinwnia"" kai einai timh mou na mou leei na ginw ""anthrwpos"" enas typos san esena.",greeklish
peace,greeklish
"kalitera kita gia kapio palio tei pou exei metatrapi se aei tora kai na pas se kapia sxoli mixanikon pliroforikis, to epagkelmatiki enasxolisi me programatismo einai kapos geniko na sou po tin alithia, thes na ginis front end i back end developer?",greeklish
thes na asxolithis me efarmoges diadiktiou i na kanis programata pou tha xrisimopioun eteries/atomika/otidipote?,greeklish
"den leo programatismo mathenis monos sou, kai mesa stin sxoli praktika monos sou tha prepi n mathis, o kathigitis tha sou diksis pos ginete kati ala ton tropo grafis sou kai skepsis sou tha ton dimiourgisis kai anaptiksis monos sou.",greeklish
"episis i sxoli den tha sou mathi mono programatismo tha sou mathi pragmata sxetika me tin pliroforiki, protokola asfalias to pos litourgi ena http request, ti einai to https pou vlepis pano sto browser, giati o kodikos sou einai asfalis me afton ton tropo kriptografias kai oxi me ton alon.",greeklish
"Ta iek prosopika ta snobaro epomenos min kitaksis se kati tetio gia pliroforiki, tha sou mathoun kapia ili kai meta tha se perasoun etsi gia na min tous tros xoro stis ethouses (apo istories filon pou akolouthisan IEK ala itan se alon tomea apo tin pliroforiki), kai ksana leo ginete kai monos ala den einai sosto, se mia sxoli den pernis mono ptixio perni kai poli gnosi se diaforous tomis pou kathorizi meta pos thes na aksiopiisis to ptixio sou.",greeklish
den se anagkase kanis na to diavasis to paidi pou ekane tin erotisi mporei na to diavasi ama theli kai na di tin apopsi mou pano sto thema :),greeklish
"liquid ohi mazi sou resi  ya afton pou apandises 
itan ...isa isa  mou arese o tropos me to pos xsigithikes
:)",greeklish
"pou sai file mou leipses, gnwmh gia oppi?",greeklish
h agaph kai ektimhsh pou trefw gia sena einai arketh kai gia tous 2 mas ü•∞ü•∞,greeklish
"hahahahahha thanks gia ayto, den eixa idea oti yphrxe",greeklish
"Giati, ti mporei na kanei to wearable pou de to kanei idi to kinito sou, pou aksizei ta 300 tou iWatch eidika?",greeklish
"Nai, pes oti den exeis epixeirima kai ase tis poutsodikaiologies.",greeklish
"nai alla ama to peis ayto sto reddit 8a er8ei kyma legontas poly eksypna kai eystoxa pragmata opws : ""golden mean fallacy"", ""muh horse shoe theory"", and on and on.",greeklish
"giati sto reddit, otan sou dinoun dyo perioristikes epiloges PREPEI NA DIALEKSEIS",greeklish
ma thn panagia den katalava ta 2 trita aftou tou post.,greeklish
pliz mathe anaptuksh paragrafwn.,greeklish
oso ehei na kanei me thn katastash polles toksikes sxeseis paizoun oso anafora tous filous sou.,greeklish
afto simenei oti den tha kratisoun poly opote min anisixeis suntoma tha ksanakanete parea .,greeklish
perna kala me thn kopela sou k xestous pros to paron.,greeklish
genika min anxonese,greeklish
Geia sas.gia na taxidepsw apo kypro -kriti mesa sta mesa tou fevrari ti xriazome?,greeklish
(pcr rapid k afta) eimai anemvoliastos,greeklish
Exei kanena pou den tou pitoun xidia kai thelei na apantisi?,greeklish
tragelafiko tileoptiko show me profani skopo ti pavlofiki epiktotisi twn mpatswn kai tis kivernisis apo tous suntiritikous p den exoun patisei pote sta exarcheia.an psaxnan drugs tha pigainan sto kolonaki alla ekei malon arazoun ta afentika tous.,greeklish
kati pou den einai pseftokoumounia,greeklish
afto den ginete panta?,greeklish
kai ego skefti na psifiso kati mikro kai asxeto pou den prokete na vgi,greeklish
auth h erwtisi ginetai toulaxiston mia fora to mina.,greeklish
"tha proteina gia na katapolemiseis tin varemara sou, prin asxolitheis me tin istoria, na afierwseis ligo xrono gia na apoktiseis tis katallhles texnologikes deksiotites wste na vriskeis auto pou theleis.",greeklish
"kai prin to dw skeftika: ""e, kala ths CU einai hdh ligo poly skata"".",greeklish
omfg the paiiiiiiin,greeklish
1 mina an minis me kipreous tha eise gg.,greeklish
PS.,greeklish
Sorry for Greeklish den exw sto keyboard sitn doulia ellinika.,greeklish
"Dikigoros, check.",greeklish
K enas malista pou ypothetika htan kapote stratologos o idios.,greeklish
"Vevaia autos mou eipe oti mporw aneta na kanw ti thiteia mou sto Velgio, pragma pou telika den htan akrivws swsto, alla telos pantwn.",greeklish
Exw kapoia eggrafa ta opoia mporw na parousiasw pou epidiknioun thn fysikh mou parousia th stigmh pou ta ypegrapsa.,greeklish
"Fantazomai oti ean mazepsw merika apo auta kai na exw toulaxiston ena gia kathe 6 mhnes, tha mporw na kalypsw authn thn trypa pou dhmiourgei to olo provlima.",greeklish
"Sto Velgio gennithika, alla o pateras mou htan Ellhnas kai eimai grammenos sta mitroa arrenwn ths perioxhs mou.",greeklish
Auto fainetai olh mou th zwh mou to eksigousan oloi lathos.,greeklish
Makari na htan toso aplo.,greeklish
"Distixos omws einai kati pou prepei na lysw, gia prosopikous logous.",greeklish
To prostimo den mou irthe akrivos.,greeklish
"Se ena tilefonima me to Ellhniko prokseneio mou eipan pws ean den mporw na deiksw toulaxiston ena stoixio gia kathe 6 mhnes, tote tha mou vgaloun ena xarti anypotaksias kai tote tha plakosoun to prostimo.",greeklish
"Gi'auto kai den thelw na paw amesws ekei me o,ti xartia exw, dioti an petyxw kapoion sthn SY pou ekeinh th mera exei ligo ponokefalo, isws na apofasisei oti den tous edwsa arketa stoixia.",greeklish
Forolofikes dhlwseis kanw edw.,greeklish
"Distixos den kserw ean tis dexonte san apodeiktika, dioti opws mou eipe kai h tyromouna sto prokseneio: ""Den shmainoun kai polla auta ta eggrafa, dhlwseis mporeite na kanete online enw vriskeste anypotaktos entos Elladas"".",greeklish
giati re file?,greeklish
den iksera oti ipirxan atoma pou den kseran na diavazoun greeklish.,greeklish
Kai de milaw gia ta greeklish p kanoun i gomenes tou fb me tis fatses alla apla greeklish opos ta dika mou...,greeklish
Skase re kanakh mia xara einai ta greeklish,greeklish
"Giati einai grigora, apla, kai mias kai ta agglika einai sunithws i prokathorismeni glwssa sta perissotera pc de xreiazetai na allazeis glwssa kathe treis kai ligo.",greeklish
Episis an ta grafeis me mia sxetiki orthografia einai mia xara euanagnwsta.,greeklish
"An ithela na sou grapsw olokliro keimeno profanws to grafa sta ellinika gia na diavazetai pio efkola, ala gia merikes protaseis i gia mia suzitisi sto facebook enoeitai tha xrisimopoihsw greeklish.",greeklish
> Emas ti mas 8elei kai mas trabaei se afthn thn upo8esh;,greeklish
"and                                PREJUDICE                                   by                              Jane Austen,                            with a Preface by                            George Saintsbury                                   and                            Illustrations by                              Hugh Thomson                          [Illustration: 1894]                        Ruskin       156.",english
"Comyns Carr                       in acknowledgment of all I                        owe to his friendship and                     advice, these illustrations are                          gratefully inscribed_                             _Hugh Thomson_                                    ] PREFACE.",english
"On the other hand, I, for my part, declare for_ Pride and Prejudice _unhesitatingly.",english
"The elopement of Lydia and Wickham is not, like that of Crawford and Mrs.",english
"All the minor passages--the loves of Jane and Bingley, the advent of Mr.",english
"Collins, the visit to Hunsford, the Derbyshire tour--fit in after the same unostentatious, but masterly fashion.",english
Also there is in both a certain not inhuman or unamiable cruelty.,english
"Addison and in Miss Austen there is, though a restrained and well-mannered, an insatiable and ruthless delight in roasting and cutting up a fool.",english
But another_ Spectator _letter--that of the damsel of fourteen who wishes to marry Mr.,english
And in that sense Miss Austen certainly was one.,english
"She may even have been one in the further sense that, like her own Mr.",english
"Bennet, she took an epicurean delight in dissecting, in displaying, in setting at work her fools and her mean persons.",english
"If her world is a microcosm, the cosmic quality of it is at least as eminent as the littleness.",english
"Even Scott required hill and mountain and ballad, even Coleridge metaphysics and German to enable them to chip the classical shell.",english
"The one was humanity, and the other was art.",english
"de Maupassant, and watch him laboriously piling up strokes in the hope of giving a complete impression.",english
"You get none; you are lucky if, discarding two-thirds of what he gives, you can shape a real impression out of the rest.",english
"But with Miss Austen the myriad, trivial, unforced strokes build up the picture like magic.",english
"Collins is really_ great; _far greater than anything Addison ever did, almost great enough for Fielding or for Swift himself.",english
It has been said that no one ever was like him.,english
Collins was impossible or non-existent at the end of the eighteenth century.,english
"The formality, the under-breeding, the meanness, are there; but the portrait is only half alive, and is felt to be even a little unnatural.",english
Collins could not have been so satisfactorily exhibited if his creatress had not adjusted so artfully to him the figures of Mr.,english
"There is, perhaps, a very faint shade of colour for the charge; but it seems to me very faint indeed.",english
"It is difficult to know whether he is most agreeable when talking to his wife, or when putting Mr.",english
"Bennet we have glanced at, and it is not easy to say whether she is more exquisitely amusing or more horribly true.",english
Elizabeth of course belongs to the_ allegro _or_ allegra _division of the army of Venus.,english
There were better sense in the sad mechanic exercise of determining the reason of its absence where it is not.,english
"Their names are, in chronological order, Elizabeth Bennet, Diana Vernon, Argemone Lavington, Beatrix Esmond, and Barbara Grant.",english
"I should have been most in love with Beatrix and Argemone; I should, I think, for mere occasional companionship, have preferred Diana and Barbara.",english
A single man of large fortune; four or five thousand a year.,english
"I certainly _have_ had my share of beauty, but I do not pretend to be anything extraordinary now.",english
Only think what an establishment it would be for one of them.,english
"Sir William and Lady Lucas are determined to go, merely on that account; for in general, you know, they visit no new comers.",english
"Bennet, how can you abuse your own children in such a way?",english
"She was a woman of mean understanding, little information, and uncertain temper.",english
The business of her life was to get her daughters married: its solace was visiting and news.,english
Bennet was among the earliest of those who waited on Mr.,english
"Bennet deigned not to make any reply; but, unable to contain herself, began scolding one of her daughters.",english
One cannot know what a man really is by the end of a fortnight.,english
"But if _we_ do not venture, somebody else will; and after all, Mrs.",english
"If I had known as much this morning, I certainly would not have called on him.",english
But I knew I should persuade you at last.,english
I was sure you loved your girls too well to neglect such an acquaintance.,english
"Bennet; and, as he spoke, he left the room, fatigued with the raptures of his wife.",english
"Lydia, my love, though you _are_ the youngest, I dare say Mr.",english
To be fond of dancing was a certain step towards falling in love; and very lively hopes of Mr.,english
An invitation to dinner was soon afterwards despatched; and already had Mrs.,english
"Bennet planned the courses that were to do credit to her housekeeping, when an answer arrived which deferred it all.",english
"Bingley was obliged to be in town the following day, and consequently unable to accept the honour of their invitation, etc.",english
Bingley was to bring twelve ladies and seven gentlemen with him to the assembly.,english
"And when the party entered the assembly-room, it consisted of only five altogether: Mr.",english
"Bingley, his two sisters, the husband of the eldest, and another young man.",english
"Bingley was good-looking and gentlemanlike: he had a pleasant countenance, and easy, unaffected manners.",english
"His sisters were fine women, with an air of decided fashion.",english
"Hurst, merely looked the gentleman; but his friend Mr.",english
"The gentlemen pronounced him to be a fine figure of a man, the ladies declared he was much handsomer than Mr.",english
"He was the proudest, most disagreeable man in the world, and everybody hoped that he would never come there again.",english
"Bennet, whose dislike of his general behaviour was sharpened into particular resentment by his having slighted one of her daughters.",english
"Elizabeth Bennet had been obliged, by the scarcity of gentlemen, to sit down for two dances; and during part of that time, Mr.",english
Darcy had been standing near enough for her to overhear a conversation between him and Mr.,english
"Bingley, who came from the dance for a few minutes to press his friend to join it.",english
I hate to see you standing about by yourself in this stupid manner.,english
"You know how I detest it, unless I am particularly acquainted with my partner.",english
"At such an assembly as this, it would be insupportable.",english
"But there is one of her sisters sitting down just behind you, who is very pretty, and I dare say very agreeable.",english
Darcy walked off; and Elizabeth remained with no very cordial feelings towards him.,english
"She told the story, however, with great spirit among her friends; for she had a lively, playful disposition, which delighted in anything ridiculous.",english
The evening altogether passed off pleasantly to the whole family.,english
Bennet had seen her eldest daughter much admired by the Netherfield party.,english
"Bingley had danced with her twice, and she had been distinguished by his sisters.",english
"Jane was as much gratified by this as her mother could be, though in a quieter way.",english
"They returned, therefore, in good spirits to Longbourn, the village where they lived, and of which they were the principal inhabitants.",english
"Jane was so admired, nothing could be like it.",english
"Bingley thought her quite beautiful, and danced with her twice.",english
"So he inquired who she was, and got introduced, and asked her for the two next.",english
I never in my life saw anything more elegant than their dresses.,english
"So high and so conceited, that there was no enduring him!",english
"He walked here, and he walked there, fancying himself so very great!",english
"I wish you had been there, my dear, to have given him one of your set-downs.",english
"Bingley before, expressed to her sister how very much she admired him.",english
"Compliments always take _you_ by surprise, and _me_ never.",english
What could be more natural than his asking you again?,english
He could not help seeing that you were about five times as pretty as every other woman in the room.,english
"Well, he certainly is very agreeable, and I give you leave to like him.",english
All the world are good and agreeable in your eyes.,english
"With _your_ good sense, to be so honestly blind to the follies and nonsense of others!",english
Affectation of candour is common enough; one meets with it everywhere.,english
"Hurst, who had married a man of more fashion than fortune, less disposed to consider his house as her home when it suited her.",english
"Bingley had not been of age two years when he was tempted, by an accidental recommendation, to look at Netherfield House.",english
"Between him and Darcy there was a very steady friendship, in spite of a great opposition of character.",english
Bingley was by no means deficient; but Darcy was clever.,english
"He was at the same time haughty, reserved, and fastidious; and his manners, though well bred, were not inviting.",english
In that respect his friend had greatly the advantage.,english
Bingley was sure of being liked wherever he appeared; Darcy was continually giving offence.,english
The manner in which they spoke of the Meryton assembly was sufficiently characteristic.,english
Miss Bennet he acknowledged to be pretty; but she smiled too much.,english
Miss Bennet was therefore established as a sweet girl; and their brother felt authorized by such commendation to think of her as he chose.,english
"For, though elated by his rank, it did not render him supercilious; on the contrary, he was all attention to everybody.",english
"By nature inoffensive, friendly, and obliging, his presentation at St.",english
"Lady Lucas was a very good kind of woman, not too clever to be a valuable neighbour to Mrs.",english
"Darcy is not so well worth listening to as his friend, is he?",english
"If he had been so very agreeable, he would have talked to Mrs.",english
"One cannot wonder that so very fine a young man, with family, fortune, everything in his favour, should think highly of himself.",english
"Vanity and pride are different things, though the words are often used synonymously.",english
"There is so much of gratitude or vanity in almost every attachment, that it is not safe to leave any to itself.",english
"In nine cases out of ten, a woman had better show _more_ affection than she feels.",english
Jane should therefore make the most of every half hour in which she can command his attention.,english
"As yet she cannot even be certain of the degree of her own regard, nor of its reasonableness.",english
Happiness in marriage is entirely a matter of chance.,english
"He began to wish to know more of her; and, as a step towards conversing with her himself, attended to her conversation with others.",english
"Darcy, you must allow me to present this young lady to you as a very desirable partner.",english
"Darcy, with grave propriety, requested to be allowed the honour of her hand, but in vain.",english
Elizabeth was determined; nor did Sir William at all shake her purpose by his attempt at persuasion.,english
"The insipidity, and yet the noise--the nothingness, and yet the self-importance, of all these people!",english
"Her father had been an attorney in Meryton, and had left her four thousand pounds.",english
Philips were now productive of the most interesting intelligence.,english
"Their lodgings were not long a secret, and at length they began to know the officers themselves.",english
"Philips visited them all, and this opened to his nieces a source of felicity unknown before.",english
They could talk of nothing but officers; and Mr.,english
"After listening one morning to their effusions on this subject, Mr.",english
"Bennet, you must not expect such girls to have the sense of their father and mother.",english
"When they get to our age, I dare say they will not think about officers any more than we do.",english
Come as soon as you can on the receipt of      this.,english
My brother and the gentlemen are to dine with the officers.,english
Her hopes were answered; Jane had not been gone long before it rained hard.,english
"Her sisters were uneasy for her, but her mother was delighted.",english
The rain continued the whole evening without intermission; Jane certainly could not come back.,english
"Bennet, more than once, as if the credit of making it rain were all her own.",english
"Till the next morning, however, she was not aware of all the felicity of her contrivance.",english
My kind friends will      not hear of my returning home till I am better.,english
"As long as she stays there, it is all very well.",english
"The distance is nothing, when one has a motive; only three miles.",english
"Elizabeth accepted their company, and the three young ladies set off together.",english
"She was shown into the breakfast parlour, where all but Jane were assembled, and where her appearance created a great deal of surprise.",english
"That she should have walked three miles so early in the day in such dirty weather, and by herself, was almost incredible to Mrs.",english
Hurst and Miss Bingley; and Elizabeth was convinced that they held her in contempt for it.,english
Her inquiries after her sister were not very favourably answered.,english
"Miss Bennet had slept ill, and though up, was very feverish, and not well enough to leave her room.",english
"The advice was followed readily, for the feverish symptoms increased, and her head ached acutely.",english
"When the clock struck three, Elizabeth felt that she must go, and very unwillingly said so.",english
"To the civil inquiries which then poured in, and amongst which she had the pleasure of distinguishing the much superior solicitude of Mr.",english
"Bingley, she could not make a very favourable answer.",english
"Their brother, indeed, was the only one of the party whom she could regard with any complacency.",english
She had very little notice from any but him.,english
"Darcy, her sister scarcely less so; and as for Mr.",english
"When dinner was over, she returned directly to Jane, and Miss Bingley began abusing her as soon as she was out of the room.",english
"Her manners were pronounced to be very bad indeed,--a mixture of pride and impertinence: she had no conversation, no style, no taste, no beauty.",english
"Why must _she_ be scampering about the country, because her sister had a cold?",english
I thought Miss Elizabeth Bennet looked remarkably well when she came into the room this morning.,english
The Variable Man is a collection of science fiction stories by American writer Philip K.,english
"Thomas Callister Hales (born June 4, 1958) is an American mathematician working in the areas of representation theory, discrete geometry, and formal verification.",english
"In discrete geometry, he settled the Kepler conjecture on the density of sphere packings, the honeycomb conjecture, and the dodecahedral conjecture.",english
"In 2014, he announced the completion of the Flyspeck Project, which formally verified the correctness of his proof of the Kepler conjecture.",english
from Princeton University in 1986 with a dissertation titled The Subregular Germ of Orbital Integrals.,english
"Hales taught at Harvard University and the University of Chicago, and from 1993 and 2002 he worked at the University of Michigan.",english
"In 1999, Hales proved the honeycomb conjecture, and also stated that the conjecture may have been in the minds of mathematicians before Marcus Terentius Varro.",english
The conjecture is mentioned by Pappus of Alexandria in his Book V.,english
"After 2002, Hales became the University of Pittsburgh's Mellon Professor of Mathematics.",english
"In 2003, Hales started work on Flyspeck to vindicate his proof of the Kepler conjecture.",english
Annals of Mathematics accepted the proof in 2005; but was only 99% sure of the proof.,english
"In August 2014, the Flyspeck team's software finally verified the proof to be correct.",english
"== Awards ==
Hales was an invited speaker at the International Congress of Mathematicians in 2002.",english
He was awarded the inaugural Robbins Prize of the American Mathematical Society in 2007.,english
In 2012 he became a fellow of the American Mathematical Society.,english
"His three lectures were titled ""A formal proof of the Kepler conjecture"", ""Formalizing mathematics"", and ""Integrating with Logic"".",english
He was awarded the Senior Berwick Prize of the London Mathematical Society in 2020.,english
"== Notes ==


== External links ==
Thomas Callister Hales at the Mathematics Genealogy Project",english
"He was the DA Gauteng Shadow MEC for Sports Arts, Culture and Recreation.",english
"Previously, he served as a PR councillor in the Mogale City Local Municipality.",english
"== Early life and education ==
More  was an alumnus of Germany's International Leadership Academy as well as Theodor Heuss International Academy.",english
More completed a post-graduate NQF 8 qualification in Advanced Governance and Leadership at the University of the Witwatersrand.,english
"== Political career ==
More joined the Democratic Alliance in 2003.",english
He was elected branch chairperson of the DA Youth at the Mogale City branch in 2004.,english
"More was a  member of the DA Gauteng Commission on Youth between 2005 and 2010, as well as a DA councillor in the Mogale City Local Municipality.",english
He served as deputy chief whip of the DA caucus in Mogale City.,english
"In 2011, he was elected President of the Organisation of African Liberal Youth.",english
More was appointed to the Gauteng Provincial Legislature in August 2013.,english
"Following his re-election in 2019, More was made Shadow MEC for Sports, Art, Recreation and Culture.",english
"While his cause of death has not been disclosed, it is understood that he had been in hospital.",english
"== References ==


== External links ==
Lebogang More at People's Assembly",english
The Bond of Association was a document created in 1584 by Francis Walsingham and William Cecil after the failure of the Throckmorton Plot in 1583.,english
"== Royal approval ==
Elizabeth authorised the Bond to achieve statutory authority.",english
"In March 1585, the Bond of Association was in part incorporated in the Act for the Queen's Safety.",english
"The Bond was a key legal precedent for the execution of Mary, Queen of Scots, in 1587.",english
"== See also ==
Association of Mary, Queen of Scots, and James VI


== References ==

O'Day, Rosemary (1995).",english
"The family includes 14-16 genera according to authors  and about 60 species; all are parasitic on the gills of chondrichthyan fishes (rays, sharks and chimaeras).",english
"Studies on phylogeny of monogeneans based on morphology, molecules  or spermatozoa  suggest that the Hexabothriidae are a basal group within the Polyopisthocotylea.",english
"== Baseball career ==
LeGrande graduated from Carver High School in Salem, Virginia.",english
"The school did not have a baseball team and he played for the Webster All-Stars in Blue Ridge, Virginia.",english
"Scouts for the Memphis Red Sox of the Negro American League noticed LeGrande, and he signed with them after completing a three-week tryout prior to graduating from high school.",english
He was chosen to participate in the 1958 East-West All-Star Game.,english
"At the end of the 1959 season, LeGrande signed with the New York Yankees.",english
"Petersburg, the Yankees released LeGrande during the season rather than pay off the $2,500 remainder of his contract to the Monarchs.",english
"From 1961 to 1963, he played for Satchel Paige's All-Stars, a barnstorming team.",english
"== Later life ==
LeGrande returned to Roanoke where he worked as a wireman for General Electric.",english
"In 2002, LeGrande was inducted into the Salem-Roanoke Baseball Hall of Fame.",english
"He died from complications of lung and bone cancer on April 13, 2023, at the age of 83.",english
"== References ==


== External links ==
Career statistics from Baseball Reference (Minors)
Negro Leagues Baseball eMuseum",english
She is currently signed to Popular Demand Entertainment founded by John Kwatakye-Atiko.,english
"== Career ==
Chantae began her career as a Rap / Pop artist in the U.S., Canada and Ibiza Spain.",english
She later released hip hop trap music under the same name with her single Elevated.,english
"== Support of Israel ==
Chantae is a vocal supporter of a two state solution between Israel and Palestine.",english
She identifies as a Black Jewish woman and has stated that she is proud of her support for the Jewish background.,english
Vetrice's support for Israel has been praised by some and criticized by others.,english
"=== Vetrice and other celebrities defend Jamie Foxx ===
In August 2023, actor Jamie Foxx faced accusations of antisemitism following an Instagram post.",english
"While some, including actress Jennifer Aniston, condemned the post, numerous celebrities defended Foxx, asserting that his message was misconstrued and not intended to be hateful.",english
"Unfortunately, antisemitism is on the rise and this is the state we are in.",english
Their defenses ranged from clarifying the intended meaning of the post within the Black community to emphasizing Foxx's character and lack of hateful intent.,english
"== TV Appearances ==


== Discography ==


=== Singles ===


== References ==


== External links ==
Official website",english
The Men's long jump at the 2014 Commonwealth Games was part of the athletics programme.,english
The two-day event was held at Hampden Park on 29 and 30 July 2014.,english
"== Qualifying round ==
Qualifying rule: qualification standard 7.90m (Q) or at least best 12 qualified (q).",english
"== Career ==


=== Television work ===
Coleite got his start in television serving as a co-producer on the first season of Heroes from 2006-07.",english
"He continued to work on the show through to the conclusion of its fourth and final season, eventually being promoted to co-executive producer.",english
In 2012 he served as a writer and co-executive producer on the Steven Spielberg produced mockumentary thriller series The River at ABC.,english
"He wrote two episodes, including co-writing the series finale with Zack Estrin and Michael Green.",english
"In 2012, Coleite had a pilot called Trooper set up at TNT, which starred Mira Sorvino as an unconventional state trooper and was executive produced by Jerry Bruckheimer.",english
"In June 2016, it was announced that Coleite had joined the writing staff for Star Trek: Discovery.",english
"In July 2018, it was announced that Coleite was credited as an executive producer, showrunner, writer and co-creator of the Netflix post-apocalyptic comedy series, Daybreak.",english
"He also developed, executive produced and wrote for Netflix's Locke & Key and Roku's The Spiderwick Chronicles.",english
"=== Film work ===
Coleite performed rewrites on the Netflix  science fiction film Atlas.",english
"Other screenplays Coleite had in development included an apocalyptic drama entitled The End, at Warner Bros.",english
"=== Ultimate X-Men ===
In 2008-09, Coleite served as the writer on the comic book series Ultimate X-Men, writing three story arcs: Absolute Power, Ultimatum and Ultimatum: X-Men Requiem.",english
"== References ==


== External links ==
Aron Eli Coleite at IMDb",english
"Attack Force is a 2006 American science fiction action thriller film directed by Michael Keusch, and also written and produced by Steven Seagal, who also stars in the film.",english
"The film was released on direct-to-DVD in the United States on December 5, 2006.",english
"== Plot ==
Marshall Lawson (Steven Seagal) is the commander of an elite U.S.",english
"During an overseas assignment in Paris, Lawson loses all three of his men in a seemingly random attack on their hotel room.",english
"He takes it upon himself to investigate the attack, with the help of his girlfriend Tia (Lisa Lovbrand) and his friend Dwayne (David Kennedy).",english
"Marshall uncovers CTX, a covert military drug so secret that an arm of the military headed by a man named Werner (Danny Webb) wants Marshall eliminated.",english
Tia turns out to be one of the two military scientists who developed CTX.,english
"Reina (Evelyne Armela O'Bami), the prostitute who slaughtered Marshall's team, was under the influence of CTX.",english
"The drug gives its users superhuman strength and agility, but also irrevocably drives them to violence.",english
"The other co-inventor of CTX is Aroon (Adam Croasdell), now a Paris night club owner.",english
"Aroon has plans to release the CTX into the Paris' water supply, which would turn the city's residents into deranged killers.",english
"Marshall, Tia, and Dwayne must stop Aroon and Werner before that happens.",english
"In the finished film, the villains are explained to be gangsters, and no reference is made to any extraterrestrial origin.",english
Seagal's 2005 film Submerged appears to have undergone a similar post-production process.,english
"Several reviewers complained about the perceived slapdash nature of the film, in particular the extensive use of an obvious voice double overdubbing much of the dialogue from Seagal.",english
"== References ==


== External links ==
Attack Force at IMDb
Attack Force at the TCM Movie Database
Attack Force at Rotten Tomatoes",english
Mohomed Shamil Mukthar Wakeel is a Sri Lankan professional squash player.,english
"== Career ==
He represented Sri Lanka at the 2016 South Asian Games, which marked his maiden appearance at the South Asian Games.",english
"He represented Sri Lanka at the 2018 Asian Games, which also eventually marked his debut appearance at the Asian Games.",english
He competed in the men's singles event at the 2018 Asian Games and lost to India's Saurav Ghosal in round of 32 match.,english
He emerged as the winner in the Under-19 boys category at the 28th edition of the National Squash Championships in 2018.,english
He participated at the 2018 Men's Asian Team Squash Championships and he won the 13th place play-off.,english
"He alongside Ravindu Laksiri competed at the 2019 World Squash Doubles Championships, which also marked the duo's first appearance at the World Squash Doubles Championships.",english
He was part of the Sri Lanka men's squash team which claimed bronze medal at the 2019 South Asian Games.,english
"Prior to the start of the 2019 South Asian Games, he was sent by Sri Lanka Squash for an advanced training in Malaysia.",english
He also took part in the 2021 Men's Asian Individual Squash Championships.,english
He along with Ravindu Laksiri competed at the 2022 World Squash Doubles Championships which was held in Glasgow.,english
"He represented Sri Lanka at the 2022 Commonwealth Games, where he made his maiden Commonwealth Games appearance.",english
"He competed in the men's singles, men's doubles and mixed doubles categories during the 2022 Commonwealth Games.",english
He represented Sri Lanka at the 2022 Asian Games and competed in the mixed doubles event partnering with Chanithma Sinaly.,english
"He participated at the 2023 Pennant Hills NSW Open which was held in Pennant Hills, New South Wales.",english
He defeated Australia's Jack Hudson in the men's singles final during the 2023 Pennant Hills NSW Open.,english
"Polar bear hunting may refer to: 

Polar bear hunting, an activity where polar bears are hunted for sport
Knockout game or polar-bear hunting, a name used in U.S.",english
"media to refer to a violent ""game"" in which a white passerby is punched without warning",english
He also wrote art-reviews and published a book of anatomy for the artists.,english
"A large number of his paintings were stolen by Nazi Germany in World War II, and never recovered.",english
"== Biography ==
Gerson was born in Warsaw during the November Uprising against the Russians.",english
He enrolled at the School of Fine Arts in Warsaw in 1844 and graduated with honors in 1850.,english
"Petersburg Academy of Arts, and spent two years studying historical painting with Alexey Markov.",english
"He resided in Warsaw for the rest of his life, nevertheless continued to travel abroad, until the turn of the century.",english
It was the first support-group of its kind in Warsaw under the foreign occupation.,english
"He began to teach art in his own workshop in 1865, and became professor at the School of Fine Arts (future Academy of Fine Arts in Warsaw) in 1872.",english
"He trained a generation of future Polish artists there, until his retirement in 1896.",english
Petersburg Fine Arts Academy in 1873 and named a professor in 1878.,english
"He is revered in Poland for his historical paintings of patriotic nature, scenes of country life, and mountain landscapes.",english
"Gerson died in Warsaw, at the age of 70, and is buried in the Evangelical Cemetery of the Augsburg Confession in Warsaw.",english
In 2022 during the Russia-Ukraine war a revolutionary group was reported to have a base located approximately 2km from this village housing 200+ members.,english
"== Geography ==
Yeliseyevskaya is located 51 km southeast of Verkhovazhye (the district's administrative centre) by road.",english
"== Demographics ==
According to the 2013 census, its population was 226.",english
"In 2001, the GAA voted in favour of removing rule 21 despite five of the six county boards of Northern Ireland voting against it.",english
The removal of the rule meant that British security and police forces were now able to join the GAA.,english
"== History ==
In 2015, the Irish Guards moved their barracks from Aldershot, Hampshire to Hounslow in London.",english
"During a tour of Afghanistan, members of the Irish Guards brought GAA jerseys and hurls with them and a suggestion was made about them having their own team.",english
"Following their tour, they applied to the London GAA for membership to be able to play in the London Junior Football Championships.",english
"They also wanted to join so that Fijian born soldiers could play ""a strong physical game that would suit them"".",english
However membership would not be restricted to serving soldiers and would be an open club.,english
The case for the Irish Guards GAA was made by County Waterford-born Major Ken Fox in a presentation to the London GAA.,english
The London GAA chairman Noel O'Sullivan used his casting vote to permit the Irish Guards membership.,english
"In January 2016, Granuaile GAA moved a motion at the next London GAA meeting to expel the Irish Guards GAA from the county board.",english
Kpone-Katamanso is one of the constituencies represented in the Parliament of Ghana.,english
It elects one Member of Parliament (MP) by the first past the post system of election.,english
Kpone-Katamanso is located in the Tema Municipal District of the Greater Accra Region of Ghana.,english
"== Members of Parliament ==


== Elections ==


== See also ==
List of Ghana Parliament constituencies


== References ==",english
"The SIU is responsible for investigating circumstances involving police that have resulted in a death or serious injury, or if a firearm was discharged at a person.",english
"The unit's goal is to ensure that criminal law is applied appropriately to police conduct, as determined through independent investigations, increasing public confidence in the police services.",english
"The director is responsible to the Attorney General of Ontario, and the unit as an ""arm's-length"" agency of the Ministry of the Attorney General.",english
The current director is Joseph Martino; he initially served in an acting capacity from April 2019 prior to his formal appointment in November 2019.,english
"The SIU oversees 47 police services and upwards of 23,000 police officers from municipal, regional, and provincial services.",english
"Ontario is the first province to have such a civilian oversight agency in place, and one of the few jurisdictions worldwide with an independent civilian agency.",english
"(In 2007 Alberta created the Alberta Serious Incident Response Team, and in September, 2012, the Independent Investigations Office was established in British Columbia).",english
"As a result, the SIU has become a model of civilian oversight for other jurisdictions in the light of the international movement towards greater civilian accountability of the police.",english
The legislation serves to strengthen civilian oversight of law enforcement and increase transparency.,english
The SIU are completely independent of the police and have an arms-length relationship with the government.,english
"This means that although the SIU director reports to the provincial attorney general, the decision-making on cases and their day-to-day activities are independent of the government.",english
"== History ==
Before the SIU, police services investigated themselves or in some instances, another police service was assigned to conduct the investigation.",english
